<?xml version="1.0" encoding="UTF-8"?>

<beans xmlns="http://www.springframework.org/schema/beans"
       xmlns:xsi="http://www.w3.org/2001/XMLSchema-instance"

       xsi:schemaLocation="http://www.springframework.org/schema/beans http://www.springframework.org/schema/beans/spring-beans-3.2.xsd">

<bean id="BookshopBean" class="Bookshop" >

<!--  
<property name="Supplier" ref="NotebookBean"></property>
-->


<constructor-arg ref="NovelBean"></constructor-arg>
</bean>


<bean id="NotebookBean" class="Notebook">

</bean>

<bean id="NovelBean" class="Novel">

</bean>

</beans>